{
    "StrangerThingsS01E01": [
        [
            5.0,
            505.5
        ],
        [
            555.5,
            968.4
        ],
        [
            968.4,
            1380.26
        ],
        [
            1380.26,
            1808.85
        ],
        [
            1808.5,
            2275.44
        ],
        [
            2275.44,
            2774.1
        ]
    ],
    "StrangerThingsS01E02": [
        [
            [
                5.5,
                275.0
            ],
            [
                325.0,
                524.05
            ]
        ],
        [
            524.05,
            897.75
        ],
        [
            897.75,
            1440.55
        ],
        [
            1440.55,
            1971.305
        ],
        [
            1971.305,
            2412.293
        ],
        [
            2412.293,
            2738.42525
        ],
        [
            2738.42525,
            3179.2
        ]
    ],
    "StrangerThingsS01E03": [
        [
            [
                5.5,
                121.0
            ],
            [
                171.0,
                462.49
            ]
        ],
        [
            462.49,
            927.48
        ],
        [
            927.48,
            1402.5075
        ],
        [
            1402.5075,
            1940.835
        ],
        [
            1940.835,
            2342.17
        ],
        [
            2342.17,
            2966.0
        ]
    ],
    "StrangerThingsS01E04": [
        [
            5.5,
            465.5
        ],
        [
            515.5,
            958.2
        ],
        [
            958.2,
            1397.32
        ],
        [
            1397.32,
            1896.8
        ],
        [
            1896.8,
            2240.9
        ],
        [
            2240.9,
            2886.0
        ]
    ],
    "StrangerThingsS01E05": [
        [
            5.5,
            495.0
        ],
        [
            545.5,
            986.277
        ],
        [
            986.277,
            1509.425
        ],
        [
            1509.425,
            1950.532
        ],
        [
            1950.532,
            2462.585
        ],
        [
            2462.585,
            3038.5
        ]
    ],
    "StrangerThingsS01E06": [
        [
            [
                5.5,
                148.0
            ],
            [
                198.0,
                527.8
            ]
        ],
        [
            527.801,
            965.465
        ],
        [
            965.466,
            1391.08
        ],
        [
            1391.081,
            2003.225
        ],
        [
            2003.226,
            2662.0
        ]
    ]
}
